PrudentialBancorpInc_20170606_8-K_EX-10.4_10474434_EX-10.4_Endorsement Agreement,the employer shall be the beneficiary of the remaining death proceeds of the policy after the employee's interest is determined.,after the employee's interest is determined.,Happens,conditional,,after EVENT
MorganStanleyDirectLendingFund_20191119_10-12GA_EX-10.5_11898508_EX-10.5_Trademark License Agreement,"licensee shall notify licensor promptly after it becomes aware of any actual or threatened infringement, imitation, dilution, misappropriation or other unauthorized use or conduct in derogation (""infringement"") of the brand.","after it becomes aware of any actual or threatened infringement, imitation, dilution, misappropriation or other unauthorized use or conduct in derogation (""infringement"") of the brand",Happens,conditional,,after EVENT
LohaCompanyltd_20191209_F-1_EX-10.16_11917878_EX-10.16_Supply Agreement,"the sellers shall, immediately after dispatch of the goods, advise the buyers by cable/letter of the contract no., commodity, invoiced value and date of dispatch for the buyers.",immediately after dispatch of the goods,Happens,conditional,,after EVENT
"ADUROBIOTECH,INC_06_02_2020-EX-10.7-CONSULTING AGREEMENT(1)","at aduro's request and expense, consultant shall assist aduro in acquiring and maintaining its right in and title to, any work product.",at aduro's request and expense,Happens,conditional,,at EVENT
ScansourceInc_20190822_10-K_EX-10.38_11793958_EX-10.38_Distributor Agreement2,customer may terminate this agreement and the license at any time by destroying all copies of software including any documentation.,by destroying all copies of software including any documentation.,termination power,conditional,,by EVENT
ArcaUsTreasuryFund_20200207_N-2_EX-99.K5_11971930_EX-99.K5_Development Agreement,this agreement may be terminated at any time by the vote of a majority of the outstanding voting securities of the fund ,by the vote of a majority of the outstanding voting securities of the fund,termination power,conditional,,by EVENT
DataCallTechnologies_20060918_SB-2A_EX-10.9_944510_EX-10.9_Content License Agreement,"7.3 either party may cancel this agreement already prior to the date of its fulfillment, if it becomes evident that the other party will commit a breach of contract entitling to cancellation of this agreement.",if it becomes evident that the other party will commit a breach of contract entitling to cancellation of this agreement,termination power,conditional,,if EVENT
"SOLUTIONSVENDINGINTERNATIONAL,INC_03_31_2020-EX1A-1 UNDR AGMT-SERVICES AGREEMENT","if you believe that the company has billed you incorrectly, you must contact company no later than 60 days after the closing date on the first billing statement in which the error or problem appeared, in order to receive an adjustment or credit.",if you believe that the company has billed you incorrectly,Happens,conditional,,if EVENT
MSCIINC_02_28_2008-EX-10.10-,"all such notices, requests and other communications shall be deemed given if sent by facsimile transmission (receipt confirmed) on a business day prior to 5 p.m. ",if sent by facsimile transmission (receipt confirmed) on a business day prior to 5 p.m. ,Happens,conditional,,if EVENT
BravatekSolutionsInc_20170418_8-K_EX-10.1_10205739_EX-10.1_Reseller Agreement,this agreement may be terminated by reseller for cause immediately if the use or sale of company products are enjoined due to any claim of infringement of any u.s. patent or copyright or of any misappropriation of trade secrets;,if the use or sale of company products are enjoined due to any claim of infringement of any u.s. patent or copyright or of any misappropriation of trade secrets,termination power,conditional,,if EVENT
VgrabCommunicationsInc_20200129_10-K_EX-10.33_11958828_EX-10.33_Development Agreement,"if the customer terminates the agreement, then val shall compensate the developer up to the date of termination with a fee calculated on pro-rata basis.",if the customer terminates the agreement,Happens,conditional,,if EVENT
Cerus Corporation - FIRST AMEND TO SUPPLY AND MANUFACTURING AGREEMENT,"if porex begins to perform services under a work order that has not been formally agreed in writing, then porex shall bear the costs of any expenses incurred prior to formal written agreement of the statement of work.",if porex begins to perform services under a work order that has not been formally agreed in writing,Happens,conditional,,if EVENT
"XACCT Technologies, Inc.SUPPORT AND MAINTENANCE AGREEMENT","if product maintenance and support services are terminated for any reason, at xacct's sole option, licensee may reinstate or renew product maintenance and support services by paying xacct all applicable product maintenance and support services and reinstatement fees.",if product maintenance and support services are terminated for any reason,Happens,conditional,,if EVENT
LUCIDINC_04_15_2011-EX-10.9-DISTRIBUTOR AGREEMENT,"if lucid requests, the distributor will assist in protecting such intellectual property from infringement.",if lucid requests,Happens,conditional,,if EVENT
ThriventVariableInsuranceAccountB_20190701_N-6_EX-99.D(IV)_11720968_EX-99.D(IV)_Endorsement Agreement,"if the solvency of the society becomes impaired, you may be required to make an extra payment.",if the solvency of the society becomes impaired,Happens,conditional,,if EVENT
DataCallTechnologies_20060918_SB-2A_EX-10.9_944510_EX-10.9_Content License Agreement,"if the breach of contract is capable of being remedied, this agreement can be cancelled only provided that the party in breach has not rectified its breach",if the breach of contract is capable of being remedied,termination power,conditional,,if EVENT
SECURIANFUNDSTRUST_05_01_2012-EX-99.28.H.9-NET INVESTMENT INCOME MAINTENANCE AGREEMENT,"if the investment adviser is required to reimburse the fund, the investment adviser shall make such payment within 30 days after each month-end in the amount due the fund as of each month.",if the investment adviser is required to reimburse the fund,Happens,conditional,,if EVENT
MphaseTechnologiesInc_20030911_10-K_EX-10.15_1560667_EX-10.15_Co-Branding Agreement,"8. if lucent determines that mphase's goods are no longer maintained at the current level of quality, lucent shall so notify mphase, in writing, and lucent shall have the right to terminate this agreement.",if lucent determines that mphase's goods are no longer maintained at the current level of quality,termination power,conditional,,if EVENT
ScansourceInc_20190509_10-Q_EX-10.2_11661422_EX-10.2_Distributor Agreement,"if distributor rejects such alternative terms, the purchase order will not be accepted by xplore.",if distributor rejects such alternative terms,Happens,conditional,,if EVENT
Biomass,"The point of delivery of the Product Samples shall be a laboratory determined by Gridiron, if Gridiron determines that third party analysis of the Biomass is required for processing.",if Gridiron determines that third party analysis of the Biomass is required for processing,Happens,conditional,,if EVENT
SCOUTCAMINC_05_12_2020-EX-10.22-SERVICES AGREEMENT,"if maimon should become unable to serve as ceo, then the company shall have the right to terminate this agreement on five days prior written notice.",if maimon should become unable to serve as ceo,termination power,conditional,,if EVENT
SECURIANFUNDSTRUST_05_01_2012-EX-99.28.H.9-NET INVESTMENT INCOME MAINTENANCE AGREEMENT,"if the fund is required to pay the investment adviser the expense waiver, the fund shall make such payment within 30 days after each month-end.",if the fund is required to pay the investment adviser the expense waiver,Happens,conditional,,if EVENT
"CURAEGISTECHNOLOGIES,INC_05_26_2010-EX-1-CORPORATE SPONSORSHIP AGREEMENT",either party may terminate this agreement immediately if the other party files a petition commencing a voluntary case under the bankruptcy code,if the other party (i) files a petition commencing a voluntary case under the bankruptcy code,termination power,conditional,,if EVENT
"XACCT Technologies, Inc.SUPPORT AND MAINTENANCE AGREEMENT","if xacct determines that a problem reported by licensee is not due to an error in the product, xacct will so notify licensee.",if xacct determines that a problem reported by licensee is not due to an error in the product,Happens,conditional,,if EVENT
SECURIANFUNDSTRUST_05_01_2012-EX-99.28.H.9-NET INVESTMENT INCOME MAINTENANCE AGREEMENT,"if the fund's net investment income on any day is below zero, the investment adviser shall waive its advisory fee or reimburse the fund an amount (defined as ""expense waiver"") sufficient to produce a net investment income of zero.",if the fund's net investment income on any day is below zero,Happens,conditional,,if EVENT
DOMINIADVISORTRUST_02_18_2005-EX-99.(H)(2)-SPONSORSHIP AGREEMENT,"if domini serves as the sponsor for less than the whole of any period specified in this section 3, the compensation to domini, as sponsor, shall be prorated.",if domini serves as the sponsor for less than the whole of any period specified in this section 3,Happens,conditional,,if EVENT
HOLIDAYRVSUPERSTORESINC_04_15_2002-EX-10.13-ENDORSEMENT AGREEMENT,"if the company promptly notifies agi in writing of a third party claim against the company alleging that the company's use of the trademarks infringes a united states registered trademark, agi will defend such claim at its expense and will indemnify the company, its agents and representatives, for all losses, claims, charges, costs and expenses incurred by the company as a result of such claim.",if the company promptly notifies agi in writing of a third party claim against the company alleging that the company's use of the trademarks infringes a united states registered trademark,Happens,conditional,,if EVENT
MANAKOASERVICESCORP_11_21_2007-EX-7.5-STRATEGIC ALLIANCE AGREEMENT,if this agreement is terminated any unvested shares will be returned to mkos.,if this agreement is terminated,Happens,conditional,,if EVENT
SoupmanInc_20150814_8-K_EX-10.1_9230148_EX-10.1_Franchise Agreement3,you must sign a general release if you renew or transfer your franchise.,if you renew or transfer your franchise,Happens,conditional,,if EVENT
ULTRAGENYXPHARMACEUTICALINC_12_23_2013-EX-10.9-SUPPLY AGREEMENT,"if a party materially breaches an obligation under this agreement, the non-breaching party may terminate this agreement immediately upon written notice to the breaching party.",if a party materially breaches an obligation under this agreement,termination power,conditional,,if EVENT
REWALKROBOTICSLTD_07_10_2014-EX-10.2-STRATEGIC ALLIANCE AGREEMENT,"litigation expense if there is a default under this agreement, the defaulting party must reimburse the non-defaulting party for all costs and expenses reasonably incurred by the non-defaulting party in connection with the default, including attorney's fees.",if there is a default under this agreement,Happens,conditional,,if EVENT
ThriventVariableInsuranceAccountB_20190701_N-6_EX-99.D(IV)_11720968_EX-99.D(IV)_Endorsement Agreement,"if dividends are credited after premiums can no longer be paid under this contract, dividends will be paid in cash.",if dividends are credited after premiums can no longer be paid under this contract,Happens,conditional,,if EVENT
TICKETSCOMINC_06_22_1999-EX-10.22-SPONSORSHIP AGREEMENT,"if, for any applicable period, the independent auditor determines that mp3.com overstated the count by more than five percent (5%), than mp3.com shall pay the cost of the audit and shall refund tickets the difference between the amount originally paid and the amount which should have been paid, or mp3.com shall credit the appropriate amount of impressions to tickets' account.","if, for any applicable period, the independent auditor determines that mp3.com overstated the count by more than five percent (5%),",Happens,conditional,,if EVENT
HUBEIMINKANGPHARMACEUTICALLTD_09_19_2006-EX-10.1-OUTSOURCING AGREEMENT,dgt shall be entitled to terminate this agreement if dolphin fails to meet its requirements and material obligation hereunder and only after dgt have given dolphin written notice of such failure and only after dolphin has not rectified such failure within 10 days of the notice.,if dolphin fails to meet its requirements and material obligation hereunder,termination power,conditional,not,if EVENT
ThriventVariableInsuranceAccountB_20190701_N-6_EX-99.D(IV)_11720968_EX-99.D(IV)_Endorsement Agreement,"if you do not make the extra payment within 60 days from the date we notify you of your share of the deficiency, the amount will be charged as an indebtedness against the contract with interest compounded at the rate of 5% per year.",if you do not make the extra payment within 60 days from the date we notify you of your share of the deficiency,Happens,conditional,not,if EVENT
LohaCompanyltd_20191209_F-1_EX-10.16_11917878_EX-10.16_Supply Agreement,"if the sellers fail to answer the buyers within one weeks after receipt of the aforesaid claim, the claim shall be reckoned as having been accepted by the sellers.",if the sellers fail to answer the buyers within one weeks after receipt of the aforesaid claim,Happens,conditional,not,if EVENT
"ADUROBIOTECH,INC_06_02_2020-EX-10.7-CONSULTING AGREEMENT","if consultant might be unable to render services or otherwise participate in such work without risk of breaching an obligation of confidentiality to another party, consultant will promptly advise the company's general counsel of the situation and company and consultant shall, in good faith, attempt to resolve any such conflicts(s).",if consultant might be unable to render services or otherwise participate in such work without risk of breaching an obligation of confidentiality to another party,Happens,conditional,not,if EVENT
Cerus Corporation - FIRST AMEND TO SUPPLY AND MANUFACTURING AGREEMENT,"if cerus does not reject in writing within [*] days, the services shall be considered accepted by cerus.",if cerus does not reject in writing within [*] days,Happens,conditional,not,if EVENT
BOLIVARMININGCORP_05_23_2003-EX-2.1-VISP WEB SITE BUILDING AND HOSTING AGREEMENT,if the isp does not have 250 users within the first 90 days we will charge $25.00 each month thereafter.,if the isp does not have 250 users within the first 90 days,Happens,conditional,not,if EVENT
GAINSCOINC_01_21_2010-EX-10.41-SPONSORSHIP AGREEMENT,"the sponsor shall have the right to terminate this agreement on written notice to racing if any driver, the general manager or any other member of racing fails to conduct himself/herself in accordance with generally accepted standards of morality","if any driver, the general manager or any other member of racing (i) fails to conduct himself/herself in accordance with generally accepted standards of morality,",termination power,conditional,not,if EVENT
LohaCompanyltd_20191209_F-1_EX-10.16_11917878_EX-10.16_Supply Agreement,"in case the goods are to be dispatched by parcel post/sea-freight, the sellers shall, 3 days before the time of delivery, inform the buyers by cable/letter of the estimated date of delivery, contract no., commodity, invoiced value, etc.",in case the goods are to be dispatched by parcel post/sea-freight,Happens,conditional,,in case EVENT
ZtoExpressCaymanInc_20160930_F-1_EX-10.10_9752871_EX-10.10_Transportation Agreement,such payment shall be deducted from the current month's freight and be topped up by party b in case of inadequacy.,in case of inadequacy.,Happens,conditional,,in case EVENT
VgrabCommunicationsInc_20200129_10-K_EX-10.33_11958828_EX-10.33_Development Agreement,"in case developer terminates the agreement, it shall handover the entire project related ipr, work done till date to val.",in case developer terminates the agreement,Happens,conditional,,in case EVENT
LohaCompanyltd_20191209_F-1_EX-10.16_11917878_EX-10.16_Supply Agreement,"in case the sellers fail to make delivery ten weeks later than the time of shipment stipulated in the contract, the buyers have the right to cancel the contract and the sellers, in spite of the cancellation, shall still pay the aforesaid penalty to the buyers without delay, the seller should refund the money received and pay the 30% of the total goods price of the penalty 19.",in case the sellers fail to make delivery ten weeks later than the time of shipment stipulated in the contract,Happens,conditional,not,in case EVENT
JINGWEIINTERNATIONALLTD_10_04_2007-EX-10.7-INTELLECTUAL PROPERTY AGREEMENT,"in case no settlement can be reached through consultation within 30 days after one party ask for consultation, each party can submit such matter to china international economic and trade arbitration commission (the ""cietac"") in accordance with its rules, and the arbitration proceedings shall be conducted in chinese and shall take place in beijing.",in case no settlement can be reached through consultation within 30 days after one party ask for consultation,Happens,conditional,not,in case EVENT
ImperialGardenResortInc_20161028_DRS (on F-1)_EX-10.13_9963189_EX-10.13_Outsourcing Agreement,"in case the contract cannot be performed due to any reason other than the architect herein, the client agrees the fees paid will not be refunded.",in case the contract cannot be performed due to any reason other than the architect herein,Happens,conditional,not,in case EVENT
"OPTIMIZEDTRANSPORTATIONMANAGEMENT,INC_07_26_2000-EX-6.6-DISTRIBUTOR AGREEMENT","o in event of cancellation of a purchase order, or re-scheduling of any item on a purchase order beyond the discount period, comware may be liable for bill back or adjustment of discounts based upon actual quantities of items delivered within the discount period.",in event of cancellation of a purchase order,Happens,conditional,not,in the event EVENT
ALCOSTORESINC_12_14_2005-EX-10.26-AGENCY AGREEMENT,"(b) in the event the company is in default hereunder or under the lease, lessor may elect to terminate this agreement immediately, which shall be effective upon the receipt of written notice thereof by the company.",in the event the company is in default hereunder or under the lease,termination power,conditional,,in the event EVENT
SPORTHALEYINC_09_29_1997-EX-10.2-10-ENDORSEMENT AGREEMENT,"in the event the professional should for any reason become a non-exempt pga tour player, the company shall have the right to terminate this agreement at its discretion at any time during the initial term or any extension thereof.",in the event the professional should for any reason become a non-exempt pga tour player,termination power,conditional,,in the event EVENT
ScansourceInc_20190822_10-K_EX-10.38_11793958_EX-10.38_Distributor Agreement2,"in the event such audit discloses non-compliance with this agreement, customer shall promptly pay to cisco the appropriate license fees.",in the event such audit discloses non-compliance with this agreement,Happens,conditional,,in the event EVENT
"OPTIMIZEDTRANSPORTATIONMANAGEMENT,INC_07_26_2000-EX-6.6-DISTRIBUTOR AGREEMENT","in the event comware purchases an amount less than $45,420.00, than this agreement will automatically terminate.","in the event comware purchases an amount less than $45,420.00",termination power (auto),conditional,,in the event EVENT
PFSFUNDS_06_26_2020-EX-99.H OTH MAT CONT-SERVICES AGREEMENT,this agreement shall automatically terminate in the event the management agreement is assigned or otherwise terminated.,in the event the management agreement is assigned or otherwise terminated,termination power (auto),conditional,,in the event EVENT
"LEGACYTECHNOLOGYHOLDINGS,INC_12_09_2005-EX-10.2-DISTRIBUTOR AGREEMENT","(b) upon the occurrence of bankruptcy of the other party, breach of confidentiality, government legislative interference, or force majeure extending beyond sixty (60) days, either party may immediately terminate the agreement.",upon the occurrence of bankruptcy of the other party,termination power,conditional,,in the event EVENT
Meat sale,"In the event of late payment of the amount owed due, the Buyer shall pay interests equal to 8 percent of the payment amount",In the event of late payment of the amount owed due,Happens,conditional,,in the event EVENT
ZtoExpressCaymanInc_20160930_F-1_EX-10.10_9752871_EX-10.10_Transportation Agreement,"in the event of parcel damage resulting from leakage or fire, party b shall indemnify at the standard rate of rmb200 per parcel, and indemnify the actual price for high-end insured parcel (or indemnify by the value of the parcel provided by arbitration department determined by party a).",in the event of parcel damage resulting from leakage or fire,Happens,conditional,,in the event EVENT
HOLIDAYRVSUPERSTORESINC_04_15_2002-EX-10.13-ENDORSEMENT AGREEMENT,"in the event of a breach of this agreement by the company, the endorsement may be withdrawn by agi in its sole discretion and this agreement terminated pursuant to the terms of section 3b.",in the event of a breach of this agreement by the company,termination power,conditional,,in the event EVENT
ZtoExpressCaymanInc_20160930_F-1_EX-10.10_9752871_EX-10.10_Transportation Agreement,"in the event of loss caused to party a by delivery delay due to vehicles detention for the lack of license, party b shall compensate for any loss to party a. (e) party b shall arrive at the network partners determined by party a according to the time and route stipulated in this agreement, and strictly comply with the start time and end time.",in the event of loss caused to party a by delivery delay due to vehicles detention for the lack of license,Happens,conditional,,in the event EVENT
"LEGACYTECHNOLOGYHOLDINGS,INC_12_09_2005-EX-10.2-DISTRIBUTOR AGREEMENT","in the event of a force majeure, the party affected thereby shall give immediate written notice to the other.","in the event of a force majeure,",Happens,conditional,,in the event EVENT
ZtoExpressCaymanInc_20160930_F-1_EX-10.10_9752871_EX-10.10_Transportation Agreement,"(f) in the event of delay by vehicle malfunction or traffic accidents, party b shall settle such malfunction or accidents within half an hour.",in the event of delay by vehicle malfunction or traffic accidents,Happens,conditional,,in the event EVENT
ULTRAGENYXPHARMACEUTICALINC_12_23_2013-EX-10.9-SUPPLY AGREEMENT,"7) except for a claim arising out of cremer's intentional misconduct or gross negligence under this agreement, in the event of legal proceedings being instituted against cremer by a third party arising out of ultragenyx's development, processing and commercialization of the product, ultragenyx shall indemnify and keep indemnified cremer in full against all damages, losses, injuries, costs and expenses in connection with such legal proceedings.","in the event of legal proceedings being instituted against cremer by a third party arising out of ultragenyx's development, processing and commercialization of the product",Happens,conditional,,in the event EVENT
SPORTHALEYINC_09_29_1997-EX-10.2-10-ENDORSEMENT AGREEMENT,"in the event of such requests by the company, the company shall be responsible for the payment of all reasonable travel, lodging and meal expenses incurred in connection with the professional rendering services described in this subsection.",in the event of such requests by the company,Happens,conditional,,in the event EVENT
PrecheckHealthServicesInc_20200320_8-K_EX-99.2_12070169_EX-99.2_Distributor Agreement,"in the event of termination, neither party, their heirs nor successors shall issue any challenge whatsoever to contest the termination.","in the event of termination,",Happens,conditional,,in the event EVENT
Rental,"In the event of late payments made by the Renter, the Landlord is entitled to impose a $50 fine as late fee.",In the event of late payments made by the Renter,Happens,conditional,,in the event EVENT
PACIFICSYSTEMSCONTROLTECHNOLOGYINC_08_24_2000-EX-10.53-SPONSORSHIP AGREEMENT,"in the event of a dispute, the parties shall seek mediation at a third country mutually agreed upon.","in the event of a dispute,",Happens,conditional,,in the event EVENT
HOLIDAYRVSUPERSTORESINC_04_15_2002-EX-10.13-ENDORSEMENT AGREEMENT,b. either party may terminate this agreement at any time in the event of a material breach by the other party which remains uncured after thirty days written notice thereof.,in the event of a material breach by the other party which remains uncured after thirty days written notice thereof,termination power,conditional,,in the event EVENT
MphaseTechnologiesInc_20030911_10-K_EX-10.15_1560667_EX-10.15_Co-Branding Agreement,6. this agreement shall terminate in the event of a significant change in the management or ownership of mphase or in the event mphase is the subject of any bankruptcy proceedings.,in the event of a significant change in the management or ownership of mphase,termination power (auto),conditional,,in the event EVENT
HOLIDAYRVSUPERSTORESINC_04_15_2002-EX-10.13-ENDORSEMENT AGREEMENT,"in the event of such withdrawal, the company agrees forthwith to take such action as agi may request to publicly evidence that the endorsement has been withdrawn and the company agrees not to hold the business out as having the endorsement.",in the event of such withdrawal,Happens,conditional,,in the event EVENT
RISEEDUCATIONCAYMANLTD_04_17_2020-EX-4.23-SERVICE AGREEMENT,"in the event that such delay in payment is more than fifteen (15) days, service provider may terminate this agreement.",in the event that such delay in payment is more than fifteen (15) days,termination power,conditional,,in the event EVENT
Independent Contractor,"In the event that this Agreement is terminated by the Client prior to completion of the Services, but where the Services have been partially performed, the Contractor will be entitled to pro rata payment of the Compensation to the date of termination provided that there has been no breach of contract on the part of the Contractor",In the event that this agreement is terminated by the client prior to completion of the services,Happens,conditional,,in the event EVENT
REWALKROBOTICSLTD_07_10_2014-EX-10.2-STRATEGIC ALLIANCE AGREEMENT,"in the event that the parties mutually agree to explore jointly in any manner, design and/or develop new products or improve or modify argo's current products, the parties will negotiate, in good faith, in an attempt to conclude one or more appropriate license agreements prior to either party's use of the intellectual property of the other.","in the event that the parties mutually agree to explore jointly in any manner, design and/or develop new products or improve or modify argo's current products",Happens,conditional,,in the event EVENT
Rental,"In the event that the Renter abandons the premises during the term of this Agreement, the Landlord may terminate this Agreement",In the event that the Renter abandons the premises during the term of this Agreement,termination power,conditional,,in the event EVENT
DataCallTechnologies_20060918_SB-2A_EX-10.9_944510_EX-10.9_Content License Agreement,"in the event that any such audit reveals that plan_b has underpaid fees to the value of ten (10) percent or more of the total amount of payments for the period covered by the audit, plan_b shall bear the cost of the audit and shall in any event immediately pay to licensor source: data call technologies, sb-2/a, 9/18/2006 the full value of the underpaid or under-reported fees.",in the event that any such audit reveals that plan_b has underpaid fees to the value of ten (10) percent or more of the total amount of payments for the period covered by the audit,Happens,conditional,,in the event EVENT
BravatekSolutionsInc_20170418_8-K_EX-10.1_10205739_EX-10.1_Reseller Agreement,"in the event that reseller (i) refers a registered referral to company, through delivery to company of the lead form attached hereto as exhibit a, and (ii) such registered referral executes an agreement to purchase any of such company products or services, then company shall pay reseller a referral fee, as specified in exhibit b attached hereto.","in the event that reseller (i) refers a registered referral to company, through delivery to company of the lead form attached hereto as exhibit a",Happens,conditional,,in the event EVENT
Property mgmt,"In the event that collection and/or legal proceedings become necessary with regard to the rental of the Property, The Manager shall handle all such proceedings",In the event that collection and/or legal proceedings become necessary with regard to the rental of the Property,Happens,conditional,,in the event EVENT
"OPTIMIZEDTRANSPORTATIONMANAGEMENT,INC_07_26_2000-EX-6.6-DISTRIBUTOR AGREEMENT","in the event that one of comware's customers has a problem that is beyond the scope of comware's capabilities, its will address the problem without delay in the best interest of customer service.",in the event that one of comware's customers has a problem that is beyond the scope of comware's capabilities,Happens,conditional,,in the event EVENT
SYKESHEALTHPLANSERVICESINC_04_24_1998-EX-10.14-OUTSOURCING AGREEMENT,"in the event that hps (or one of its affiliates other than shps) enters into an agreement to provide care management services with a client which is not a client as of the date of this agreement (a ""new client""), shps shall provide such care management services to the new client in accordance with the terms of this agreement.","in the event that hps (or one of its affiliates other than shps) enters into an agreement to provide care management services with a client which is not a client as of the date of this agreement (a ""new client""",Happens,conditional,,in the event EVENT
BOLIVARMININGCORP_05_23_2003-EX-2.1-VISP WEB SITE BUILDING AND HOSTING AGREEMENT,"in the event the company fails to have its attorney issue the required opinion letter within 20 days of a written request from yournetplus.com or its nominee, the company shall be liable for liquidated damages in the amount of 10% interest per 30 days on the value of the shares based on the closing bid price of the company's common stock on the 20th business day following the date it receives written notice from yournetplus.com or their nominee.",in the event the company fails to have its attorney issue the required opinion letter within 20 days of a written request from yournetplus.com or its nominee,Happens,conditional,not,in the event EVENT
ZtoExpressCaymanInc_20160930_F-1_EX-10.10_9752871_EX-10.10_Transportation Agreement,"in the special event of changes to route and time and severe weather (or other force majeure events), party b shall be in touch with party a in time and record such special event on the parcel transfer documents with party a's approval.","in the special event of changes to route and time and severe weather (or other force majeure events),",Happens,conditional,,in the event EVENT
"TURNKEYCAPITAL,INC_07_20_2017-EX-1.1-Strategic Alliance Agreement","once the holding company is raising funds and generating revenue, the parties will negotiate a monthly fee.",once the holding company is raising funds and generating revenue,Happens,conditional,,once EVENT
BOLIVARMININGCORP_05_23_2003-EX-2.1-VISP WEB SITE BUILDING AND HOSTING AGREEMENT,"once the common stock has been registered, or, after the one year period applicable under rule 144, whichever occurs first, the company at its sole cost and expense have its attorney issue an opinion letter for removal of the legend and release all stock transfer instructions on the common stock, except as maybe required under rule 144.",once the common stock has been registered,Happens,conditional,,once EVENT
Biomass,"once the payment has been received, shi farms will use its best efforts to quarantine product to ensure safe keeping of the product until delivery date as agreed by the parties.",Once the payment has been received,Happens,conditional,,once EVENT
Biomass,either party may terminate this agreement at any time prior to delivery of the product.,prior to delivery of the product.,termination power,conditional,suspend,prior to EVENT
"ADMA BioManufacturing, LLC -  Amendment #3 to Manufacturing Agreement","in addition to the minimum volume of product to be manufactured by adma, should adma deliver the minimum volume of product but fail to meet the updated supply plan as provided in exhibit a as attached hereto and made an integral part hereof, then it is agreed upon by the parties that adma shall pay to sanofi pasteur an amount equal to $[***]",should adma deliver the minimum volume of product but fail to meet the updated supply plan as provided in exhibit a as attached hereto and made an integral part hereof,Happens,conditional,,should EVENT
ScansourceInc_20190509_10-Q_EX-10.2_11661422_EX-10.2_Distributor Agreement,"should such purchase orders be subject to alternative rights, xplore shall inform distributor of alternative rights prior to order acceptance.",should such purchase orders be subject to alternative rights,Happens,conditional,,should EVENT
NYLIACVARIABLEANNUITYSEPARATEACCOUNTIII_04_10_2020-EX-99.8.KK-SERVICE AGREEMENT,"should any participation agreement(s) between company and any fund(s) be terminated effective before the last day of a quarter, company shall be entitled to a fee for that portion of the quarter during which the participation agreement was still in effect, unless such termination is due to misconduct on the part of the company.",should any participation agreement(s) between company and any fund(s) be terminated effective before the last day of a quarter,Happens,conditional,,should EVENT
ImperialGardenResortInc_20161028_DRS (on F-1)_EX-10.13_9963189_EX-10.13_Outsourcing Agreement,should party a require a comprehensive modification on the development plan of the project outsourced and any subsequent extra cost occur in party b; party a shall bear the corresponding extra service fee.,should party a require a comprehensive modification on the development plan of the project outsourced and any subsequent extra cost occur in party b,Happens,conditional,,should EVENT
Rental,"Such security deposit will be returned to the Renter upon the end of this Agreement, provided the premises are left in the same condition as prior to the occupancy.",upon the end of this Agreement,Happens,conditional,,upon EVENT
ImperialGardenResortInc_20161028_DRS (on F-1)_EX-10.13_9963189_EX-10.13_Outsourcing Agreement,the service fee of ntd 1.2 million shall be paid upon completion of the business plan and architectural development plan and relevant drawings.,upon completion of the business plan and architectural development plan and relevant drawings,Happens,conditional,,upon EVENT
Property mgmt,"Upon termination, the Manager shall disburse to the Owner any monies in the Manager\'s possession due and owing to the Owner within 3 days from the date of termination",Upon termination,Happens,conditional,,upon EVENT
Cerus Corporation - FIRST AMEND TO SUPPLY AND MANUFACTURING AGREEMENT,"upon cerus' determination that the protocol epp-029- 886 can be discontinued, cerus shall provide written notice thereof to porex, along with a new purchase order for platelet wafers (the ""new pricing po"").",upon cerus' determination that the protocol epp-029- 886 can be discontinued,Happens,conditional,,upon EVENT
Cerus Corporation - FIRST AMEND TO SUPPLY AND MANUFACTURING AGREEMENT,"upon approval by cerus of the corrective plan, porex, at no additional expense to cerus, shall then make the corrections and, where applicable, porex shall resubmit the corrected services to cerus.","upon approval by cerus of the corrective plan,",Happens,conditional,,upon EVENT
Biomass,Both Parties agree that once the Parties have agreed to transaction which includes the purchase and sale of the Product that the Buyer will remit payment upon execution of this agreement.,upon execution of this agreement,Happens,conditional,,upon EVENT
"LEGACYTECHNOLOGYHOLDINGS,INC_12_09_2005-EX-10.2-DISTRIBUTOR AGREEMENT","sierra warrants that it carries general liability insurance of not less than $2 million per occurrence and product liability insurance of not less than $5 million per occurrence and that, upon the execution of this agreement, it will name envision as an additional insured on such policies.",upon the execution of this agreement,Happens,conditional,,upon EVENT
EmeraldHealthBioceuticalsInc_20200218_1-A_EX1A-6 MAT CTRCT_11987205_EX1A-6 MAT CTRCT_Development Agreement,"upon execution of this agreement, ehn will issue to dr. murray sufficient shares to represent a 5% equity ownership in ehn.",upon execution of this agreement,Happens,conditional,,upon EVENT
SPORTHALEYINC_09_29_1997-EX-10.2-10-ENDORSEMENT AGREEMENT,"c. upon reasonable written request of the company which shall be tendered at least 30 days prior the date requested, the professional shall make himself available for the purpose of posing for print ads, making commercials and other promotional materials, or attending promotional events organized by the company once per calendar year.",upon reasonable written request of the company which shall be tendered at least 30 days prior the date requested,Happens,conditional,,upon EVENT
HOLIDAYRVSUPERSTORESINC_04_15_2002-EX-10.13-ENDORSEMENT AGREEMENT,"upon the termination of this agreement, whether by expiration of its term pursuant to paragraph 6a or otherwise, the company shall cease all uses of the trademarks and the good sam logo and name in any fashion.",upon the termination of this agreement,Happens,conditional,,upon EVENT
"KNOWLABS,INC_08_15_2005-EX-10-INTELLECTUAL PROPERTY AGREEMENT","turpin shall deliver to the company all work product and company property, including all originals and copies thereof, in turpin's possession and/or control, at the request of the company, or, in the absence of such a request, upon the termination of turpin's employment with the company.",upon the termination of turpin's employment with the company.,Happens,conditional,,upon EVENT
DataCallTechnologies_20060918_SB-2A_EX-10.9_944510_EX-10.9_Content License Agreement,7.4 upon termination or cancellation of this agreement plan_b shall cease to use content for any purpose and delete content from any files and data storage.,upon termination or cancellation of this agreement,Happens,conditional,,upon EVENT
MphaseTechnologiesInc_20030911_10-K_EX-10.15_1560667_EX-10.15_Co-Branding Agreement,"upon termination of this agreement, mphase shall immediately cease use of the lucent co-branding logo, provided, however, that mphase shall have no obligation to remove such co-branding logo from any goods sold prior to the date of such termination.",upon termination of this agreement,Happens,conditional,,upon EVENT
ScansourceInc_20190822_10-K_EX-10.38_11793958_EX-10.38_Distributor Agreement2,"upon termination, customer shall destroy all copies of software and documentation in its possession or control.",upon termination,Happens,conditional,,upon EVENT
"ADUROBIOTECH,INC_06_02_2020-EX-10.7-CONSULTING AGREEMENT","(c) on aduro's request, or upon the termination or expiration of this agreement, consultant shall immediately: (i) stop using confidential information; (ii) return all materials provided by aduro to consultant that contain confidential information, except for one copy that may be retained by consultant's legal counsel to confirm compliance with the obligations under this agreement; (iii) destroy all copies of confidential information in any form including confidential information contained in computer memory or data storage apparatus or materials prepared by or for consultant; and (iv) provide a written warranty to aduro that consultant has taken all the actions described in the foregoing subparagraphs 4(c)(i-iii).",upon the termination or expiration of this agreement,Happens,conditional,,upon EVENT
SPHERE3DCORP_06_24_2020-EX-10.12-CONSULTING AGREEMENT,"upon termination, consultant agrees to perform the necessary information transfer required at the time.",upon termination,Happens,conditional,,upon EVENT
JINGWEIINTERNATIONALLTD_10_04_2007-EX-10.7-INTELLECTUAL PROPERTY AGREEMENT,"upon termination of this agreement, party b shall return confidential information to party a or destroy it itself and delete confidential information from any electronic devices and cease to use them as required by party a. party b shall not disclose, grant or transfer any confidential information to any third party and will not use the confidential information without party a's written consent.","upon termination of this agreement,",Happens,conditional,,upon EVENT
GAINSCOINC_01_21_2010-EX-10.41-SPONSORSHIP AGREEMENT,"upon termination, the sponsor shall be entitled to a pro rata refund of monies paid for services not yet performed by racing based upon the number of races for the applicable racing season.",upon termination,Happens,conditional,,upon EVENT
HertzGroupRealtyTrustInc_20190920_S-11A_EX-10.8_11816941_EX-10.8_Trademark License Agreement,"3.3 upon termination of this agreement, licensed users shall immediately cease use of the licensed trade name and licensed mark as soon as practicable, but no longer than thirty (30) days, after termination.",upon termination of this agreement,Happens,conditional,,upon EVENT
BravatekSolutionsInc_20170418_8-K_EX-10.1_10205739_EX-10.1_Reseller Agreement,"3 source: bravatek solutions, inc., 8-k, 4/18/2017 e. upon termination or expiration of this agreement, other than with respect to customers of the reseller existing at any time prior to the termination or expiration and with respect to ongoing sales or prospective sales, reseller (i) shall immediately discontinue any use of the name, logotype, marks or slogans of company, (ii) shall immediately discontinue all representations or statements from which it might be inferred that any relationship exists between the parties, (iii) will cease to promote, solicit orders for or procure orders for the product, (iv) will immediately return to company all proprietary information (as defined below) and any other information or materials of company in its possession, custody or control in whatever form held (including copies or embodiments thereof relating thereto).",upon termination or expiration of this agreement,Happens,conditional,,upon EVENT
PFSFUNDS_06_26_2020-EX-99.H OTH MAT CONT-SERVICES AGREEMENT,"upon the termination of this agreement, the trust shall pay the adviser such compensation as may be payable for the period prior to the effective date of such termination.",upon the termination of this agreement,Happens,conditional,,upon EVENT
"LEGACYTECHNOLOGYHOLDINGS,INC_12_09_2005-EX-10.2-DISTRIBUTOR AGREEMENT","upon termination, envision shall have eighteen (18) months to exhaust any inventories, packaging and advertising materials bearing the ""sierrasil"" trademark and sierra shall have first option to buy back any inventory at envision's net purchase price.",upon termination,Happens,conditional,,upon EVENT
WebmdHealthCorp_20050908_S-1A_EX-10.7_1027007_EX-10.7_Content License Agreement,webmd shall promptly notify emdeon when a new update is available.,when a new update is available,Happens,conditional,,when EVENT
Independent Contractor,The Client will be invoiced when the Services are complete.,when the Services are complete,Happens,conditional,,when EVENT
Biomass,"when the agreement ends, each party shall return all copies of any such information to the other and take every reasonable measure to preclude its representatives from sharing or keeping such information.",when the agreement ends,Happens,conditional,,when EVENT
Independent Contractor,"In the event that this Agreement is terminated by the Client prior to completion of the Services, but where the Services have been partially performed, the Contractor will be entitled to pro rata payment of the Compensation to the date of termination provided that there has been no breach of contract on the part of the Contractor",but where the Services have been partially performed,Happens,conditional,,where EVENT
BravatekSolutionsInc_20170418_8-K_EX-10.1_10205739_EX-10.1_Reseller Agreement,"the parties shall, at all times, both during the term of this agreement and after its termination, not use such proprietary information other than in the course of its duties as expressly provided in this agreement",during the term of this agreement,Happens,HappensWithin,*two - split up,during TIME_PERIOD
BravatekSolutionsInc_20170418_8-K_EX-10.1_10205739_EX-10.1_Reseller Agreement,"the parties shall, at all times, both during the term of this agreement and after its termination, not use such proprietary information other than in the course of its duties as expressly provided in this agreement",after its termination,Happens,Happens (surviving),,after EVENT
HUBEIMINKANGPHARMACEUTICALLTD_09_19_2006-EX-10.1-OUTSOURCING AGREEMENT,"during the term of this agreement, and thereafter, dolphin shall use reasonable efforts to ensure that all information provided to dgt or its representatives pursuant to this article remains confidential and is treated as such by dgt.",during the term of this agreement,Happens,HappensWithin,,during TIME_PERIOD
ThriventVariableInsuranceAccountB_20190701_N-6_EX-99.D(IV)_11720968_EX-99.D(IV)_Endorsement Agreement,"if dividends are credited after premiums can no longer be paid under this contract, dividends will be paid in cash.",after premiums can no longer be paid under this contract,Happens,WHappensBeforeEvent,* only on conditional,after EVENT
SPORTHALEYINC_09_29_1997-EX-10.2-10-ENDORSEMENT AGREEMENT,"following the expiration of 90 days from the termination or expiration of this agreement, the company shall cease usage of all publicity, promotion and advertising materials which contain the professional's image",following the expiration of 90 days from the termination or expiration of this agreement,Happens,HappensAfter,,following TIMESPAN from EVENT
ON4COMMUNICATIONSINC_07_02_2009-EX-10.1-PROMOTION AGREEMENT,"in no case may any pin code be redeemed later than march 31, 2010.","later than march 31, 2010.",Happens,HappensAfter,,later than DATE
WebmdHealthCorp_20050908_S-1A_EX-10.7_1027007_EX-10.7_Content License Agreement,all amounts payable shall be due be due thirty (30) days after the receipt of webmd's invoice.,thirty (30) days after the receipt of webmd's invoice,Happens,WHappensBefore,,TIMESPAN after EVENT
ScansourceInc_20190822_10-K_EX-10.38_11793958_EX-10.38_Distributor Agreement2,"cisco warrants that commencing from the date of shipment to customer, and continuing for a period ninety (90) days, the media on which the software is furnished will be free of defects in materials and workmanship under normal use","commencing from the date of shipment to customer (but in case of resale by an authorized cisco reseller, commencing not more than ninety (90) days after original shipment by cisco), and continuing for a period of the longer of (a) ninety (90) days",Happens,HappensWithin,,commencing from EVENT and continuing for TIMESPAN
BOLIVARMININGCORP_05_23_2003-EX-2.1-VISP WEB SITE BUILDING AND HOSTING AGREEMENT,"kci pledges that it will not circumvent the relationships among venders, providers and clients developed by provider either directly or indirectly, during the contract period and for a period of up to 2 (two) years following termination of this contract ",for a period of up to 2 (two) years following termination of this contract,Happens,HappensWithin,,for TIMESPAN following EVENT
PalmerSquareCapitalBdcInc_20200116_10-12GA_EX-10.6_11949289_EX-10.6_Trademark License Agreement,"during the term of this agreement, licensee shall use the licensed mark only to the extent permitted under this license, and except as provided above, neither licensee nor any affiliate, owner, director, officer, employee or agent thereof shall otherwise use the licensed mark or any derivative thereof in the territory without the prior express written consent of licensor in its sole and absolute discretion and shall not use the licensed mark for any purpose outside the territory.","during the term of this agreement,",Happens,HappensWithin,,during TIME_PERIOD
ACCELERATEDTECHNOLOGIESHOLDINGCORP_04_24_2003-EX-10.13-JOINT VENTURE AGREEMENT,"during the term of the joint venture, no interest shall be allowed to any joint venturer upon the amount of his contribution.",during the term of the joint venture,Happens,HappensWithin,,during TIME_PERIOD
ON4COMMUNICATIONSINC_07_02_2009-EX-10.1-PROMOTION AGREEMENT,"during the period beginning october 1, 2009 and ending march 31, 2010, charity tunes shall not enable another program sponsorship for all competitive products/product categories distributed/sold within the total canadian consumer/retail/wholesale market place, inclusive of: - total frozen handhelds - total corporation general mills handhelds - total pizza pops handhelds / total pillsbury mini pizzas - total corporation mccain foods handhelds - total pizza pockets / total mccain mini pizzas - total corporation heinz handhelds - total heinz hot bites (bagel bites and taco bites) / total anchor poppers - total corporation schneider foods handhelds - total hot stuffs / total lean stuffs - total resers burritos - total corp les plats du chef handhelds - total hinsdale farms corndogs 9.explicit content: 10.fee: 11.warranty and indemnity: 11.1warranty.","during the period beginning october 1, 2009 and ending march 31, 2010",Happens,HappensWithin,,during the period beginning DATE and ending on DATE
"OPTIMIZEDTRANSPORTATIONMANAGEMENT,INC_07_26_2000-EX-6.6-DISTRIBUTOR AGREEMENT","in the event comware purchases products in excess of $45,420.00 during the initial distribution period, comware shall have the right to purchase additional products at the following discounts",during the initial distribution period,Happens,HappensWithin,,during TIME_PERIOD
"NETGEAR,INC_04_21_2003-EX-10.16- AMENDMENT #2 TO THE DISTRIBUTION AGREEMENT","during the initial one year period beginning on the amendment date, distributor shall be the only distributor appointed by netgear ",during the initial one year period beginning on the amendment date,Happens,HappensWithin,,during TIMESPAN beginning on EVENT
"MARSHALLHOLDINGSINTERNATIONAL,INC_04_14_2004-EX-10.15-ENDORSEMENT AGREEMENT",(ii) the company will provide products at no cost for use by the celebrity for personal use throughout the duration of this agreement.,throughout the duration of this agreement,Happens,HappensWithin,,throughout TIME_PERIOD
"TURNKEYCAPITAL,INC_07_20_2017-EX-1.1-Strategic Alliance Agreement",sic shall allow tkci to review and analyze all business opportunities that could be mutually beneficial to tkci and sic within the time frame of this alliance.,within the time frame of this alliance,Happens,HappensWithin,,within TIME_PERIOD
WebmdHealthCorp_20050908_S-1A_EX-10.7_1027007_EX-10.7_Content License Agreement,"during the term of this agreement and for a period of two (2) years after termination hereof, neither party will use, copy, or disclose, or permit any unauthorized person access to, any of the other party's confidential information, except as expressly directed by such party or as permitted herein.",for a period of two (2) years after termination hereof,Happens,HappensWithin (surviving),,for a period of TIMESPAN following TIME_PERIOD
"COOLTECHNOLOGIES,INC_10_25_2017-EX-10.71-Strategic Alliance Agreement","cool tech and vet tech agree not to engage in any attempt whatsoever, to hire, or to engage as independent contractors, the other's employees or independent contractors during the term of this agreement and for a period of six (6) months following expiration or termination of this agreement except as may be mutually agreed in writing.",for a period of six (6) months following expiration or termination of this agreement,Happens,HappensWithin (surviving),,for a period of TIMESPAN following TIME_PERIOD
"KUBIENT,INC_07_02_2020-EX-10.14-MASTER SERVICES AGREEMENT_Part2","during the term and any renewal terms of the agreement, and for a period of one (1) year following the expiration or earlier termination thereof, customer shall not, whether for its own account or for the account of any other person or entity, interfere with the relationship of kubient with, or endeavor to entice away from kubient, any person or entity who was or is a an employee or third-party of kubient.",for a period of one (1) year following the expiration or earlier termination thereof,Happens,HappensWithin (surviving),,for a period of TIMESPAN following TIME_PERIOD
"INTELLIGENTHIGHWAYSOLUTIONS,INC_01_18_2018-EX-10.1-Strategic Alliance Agreement","for a period of five (5) years after termination of this agreement, the parties shall treat as confidential all information and take every reasonable precaution and use all reasonable efforts to prevent the unauthorized disclosure of the same.",for a period of five (5) years after termination of this agreement,Happens,HappensWithin (surviving),,for a period of TIMESPAN after EVENT
PalmerSquareCapitalBdcInc_20200116_10-12GA_EX-10.6_11949289_EX-10.6_Trademark License Agreement,"for twenty-four (24) months following termination of this agreement, licensee shall specify on all public-facing materials in a prominent place and in prominent typeface that licensee is no longer operating under the licensed mark, is no longer associated with licensor, or such other notice as may be deemed necessary by licensor in its sole discretion in its prosecution, defense, and/or settlement of any third party claim.",for twenty-four (24) months following termination of this agreement,Happens,HappensWithin (surviving),,for TIMESPAN following EVENT
Meat sale,Both Seller and Buyer must keep the contents of this contract confidential for 6 months following the termination of the contract,for 6 months following the termination of the contract,Happens,HappensWithin (surviving),,for TIMESPAN following EVENT
ON4COMMUNICATIONSINC_07_02_2009-EX-10.1-PROMOTION AGREEMENT,"eligible pin codes may be entered on the www.charitytunes.com website and corresponding music downloaded from october 1, 2009 to march 31, 2010.","from october 1, 2009 to march 31, 2010",right,new obligation,,from DATE to DATE
ON4COMMUNICATIONSINC_07_02_2009-EX-10.1-PROMOTION AGREEMENT,"designated sponsor products with pin codes may be distributed from approximately october 1, 2009 to approximately december 31, 2009 (the ""promotion period"").","from approximately october 1, 2009 to approximately december 31, 2009",right,new obligation,,from DATE to DATE
Cerus Corporation - FIRST AMEND TO SUPPLY AND MANUFACTURING AGREEMENT,"cerus will not have responsibility to pay for identified errors, incomplete or inaccurate items (collectively the ""invoice errors"") which result in increases to previously invoiced amounts if the aforementioned invoice errors are communicated to cerus later than [*] days from the original invoice date.",if the aforementioned invoice errors are communicated to cerus later than [*] days from the original invoice date,non-obligation,new obligation,,if EVENT
GluMobileInc_20070319_S-1A_EX-10.09_436630_EX-10.09_Content License Agreement2,"licensee shall have the non-exclusive right and license to develop and distribute ice age 2 wireless products during the term of the agreement for all wireless products set forth in this paragraph 2(c) except the game, for which licensee shall have the exclusive right and license to develop and distribute until december 31, 2006.","until december 31, 2006",right,new obligation,,until DATE
ULTRAGENYXPHARMACEUTICALINC_12_23_2013-EX-10.9-SUPPLY AGREEMENT,"2) if the parties cannot agree on a price for the product by the beginning of a following contract year, cremer may refuse to deliver the product to ultragenyx until the parties agreed on a respective price.",until the parties agreed on a respective price,right,new obligation,,until EVENT
ULTRAGENYXPHARMACEUTICALINC_12_23_2013-EX-10.9-SUPPLY AGREEMENT,"2) if the parties cannot agree on a price for the product by the beginning of a following contract year, cremer may refuse to deliver the product to ultragenyx until the parties agreed on a respective price.",until the parties agreed on a respective price,right,new obligation,,until EVENT
Meat sale,Any delay in delivery of the goods will not entitle the Buyer to terminate the Contract unless such delay exceeds 10 days,unless such delay exceeds 10 days,non-power,new power,,unless EVENT
MphaseTechnologiesInc_20030911_10-K_EX-10.15_1560667_EX-10.15_Co-Branding Agreement,either party wishing to terminate the agreement must give written notice to the other party at least thirty (30) days prior to the desired date of termination.,at least thirty (30) days prior to the desired date of termination,termination power,notice to terminate,,at least TIMESPAN prior to EVENT
EmeraldHealthBioceuticalsInc_20200218_1-A_EX1A-6 MAT CTRCT_11987205_EX1A-6 MAT CTRCT_Development Agreement,"6.2 termination ehs or ehn, on the one hand, and dr. murray, on the other, may terminate any services term of this agreement by delivering 60 days written notice to the other party.",by delivering 60 days written notice to the other party,termination power,notice to terminate,,by EVENT
VgrabCommunicationsInc_20200129_10-K_EX-10.33_11958828_EX-10.33_Development Agreement,developer may also terminate this agreement by giving two (2) weeks' notice in writing to val.,by giving two (2) weeks' notice in writing to val,termination power,notice to terminate,,by giving TIMESPAN notice
DRAGONSYSTEMSINC_01_08_1999-EX-10.17-OUTSOURCING AGREEMENT,dragon may terminate this agreement without cause by giving sixty (60) days written notice to mmi.,by giving sixty (60) days written notice to mmi,termination power,notice to terminate,,by giving TIMESPAN notice
Property mgmt,This Agreement may be terminated at any time by either Party upon 30 days written notice to the other Party,upon 30 days written notice to the other Party,termination power,notice to terminate,,upon TIMESPAN notice
TRANSMONTAIGNEPARTNERSLLC_03_13_2020-EX-10.9-SERVICES AGREEMENT,this agreement may be terminated by (a) the written agreement of the parties or (b) by either party upon 5 days written notice to the other party.,upon 5 days written notice to the other party.,termination power,notice to terminate,,upon TIMESPAN notice
ArcaUsTreasuryFund_20200207_N-2_EX-99.K5_11971930_EX-99.K5_Development Agreement,"this agreement may be terminated at any time, without the payment of any penalty, upon 60 days' written notice, by the vote of a majority of the outstanding voting securities of the fund or by the vote of the fund's trustees or by the blockchain administrator.",upon 60 days' written notice,termination power,notice to terminate,,upon TIMESPAN notice
PFSFUNDS_06_26_2020-EX-99.H OTH MAT CONT-SERVICES AGREEMENT,this agreement may be terminated without the payment of any penalty by either party upon sixty (60) days' written notice to the other party.,upon sixty (60) days' written notice to the other party,termination power,notice to terminate,,upon TIMESPAN notice
CENTRACKINTERNATIONALINC_10_29_1999-EX-10.3-WEB SITE HOSTING AGREEMENT,either party may terminate this agreement without cause at any time effective upon thirty (30) days' written notice.,effective upon thirty (30) days' written notice,termination power,notice to terminate,,upon TIMESPAN notice
VARIABLESEPARATEACCOUNT_04_30_2014-EX-13.C-UNCONDITIONAL CAPITAL MAINTENANCE AGREEMENT,"aig shall have the absolute right to terminate this agreement upon thirty (30) days' prior written notice to the company, which notice shall state the effective date of termination (the ""termination date""); provided, however, that aig agrees not to terminate this agreement unless (a) aig significantly modifies the 3 corporate structure or ownership of the company, or (b) aig sells the company to an acquirer, in each case, (i) having a rating from at least one of s&p, moody's, a.m. best or a substitute agency, which is a nationally recognized statistical rating organization, that is at least equal to the lower of (x) aig's then-current rating from such agency or (y) the company's then-current rating as supported by this agreement from such agency; or (ii) such that, immediately on the effective date of the modification of corporate structure or sale by aig of the company, the company's capitalization is consistent with the minimum capital adequacy standards and criteria of at least one of s&p, moody's, a.m. best or a substitute agency, which is a nationally recognized statistical rating organization, for a rating that is equal to or better than the company's then-current rating on the date immediately preceding such modification of corporate structure or sale.",upon thirty (30) days' prior written notice to the company,termination power,notice to terminate,,upon TIMESPAN notice
SCOUTCAMINC_05_12_2020-EX-10.22-SERVICES AGREEMENT,the company may in its discretion and at its option terminate this agreement at any time after the minimum period upon five days prior written notice to maimon.,upon five days prior written notice to maimon,termination power,notice to terminate,,upon TIMESPAN notice
"COOLTECHNOLOGIES,INC_10_25_2017-EX-10.71-Strategic Alliance Agreement","notwithstanding the foregoing, this agreement shall be earlier terminated (x) by mutual agreement of the parties, or (y) at any time upon sixty (60) days advance written notice to the other party.",upon sixty (60) days advance written notice to the other party,termination power,notice to terminate,,upon TIMESPAN notice
"INTELLIGENTHIGHWAYSOLUTIONS,INC_01_18_2018-EX-10.1-Strategic Alliance Agreement",this agreement may also be terminated by either party upon ninety (90) days written notice.,upon ninety (90) days written notice.,termination power,notice to terminate,,upon TIMESPAN notice
NYLIACVARIABLEANNUITYSEPARATEACCOUNTIII_04_10_2020-EX-99.8.KK-SERVICE AGREEMENT,fiioc may terminate this agreement at any time upon ninety (90) days' written notice to company.,upon ninety (90) days' written notice to company,termination power,notice to terminate,,upon TIMESPAN notice
PrecheckHealthServicesInc_20200320_8-K_EX-99.2_12070169_EX-99.2_Distributor Agreement,"this agreement shall be in effect until march 18. 2021, unless sooner terminated by either party upon (30) days written notice, without cause.",upon (30) days written notice,termination power,notice to terminate,,upon TIMESPAN notice
BravatekSolutionsInc_20170418_8-K_EX-10.1_10205739_EX-10.1_Reseller Agreement,either party may terminate this agreement for non-cause with a sixty (60) written notice.,with a sixty (60) written notice.,termination power,notice to terminate,,with TIMESPAN notice
JINGWEIINTERNATIONALLTD_10_04_2007-EX-10.7-INTELLECTUAL PROPERTY AGREEMENT,"during the term of this agreement, party a may terminate this agreement at any time with a written notice to party b 30 days before such termination.",with a written notice to party b 30 days before such termination,termination power,notice to terminate,,with TIMESPAN notice
MANAKOASERVICESCORP_11_21_2007-EX-7.5-STRATEGIC ALLIANCE AGREEMENT,either party may terminate this agreement at any time with 30 days written notice.,with 30 days written notice.,termination power,notice to terminate,,with TIMESPAN notice
Meat sale,"In the event of late payment of the amount owed due, the Seller may suspend performance of all of its obligations under the agreement until payment of amounts owed has been received in full",until payment of amounts owed has been received in full,power to suspend,power to resume,,until EVENT
JINGWEIINTERNATIONALLTD_10_04_2007-EX-10.7-INTELLECTUAL PROPERTY AGREEMENT,party b shall pay the license fee to the account designated by party a before december 31 each year.,before december 31 each year,Happens,SHappensBefore,,before DATE
Meat sale,"The Buyer shall pay $100 to the Seller before March 30, 2024","before March 30, 2024",Happens,SHappensBefore,,before DATE
Meat sale,"The Seller shall deliver the Order in one delivery to the Buyer before March 18, 2024","before March 18, 2024",Happens,SHappensBefore,,before DATE
VnueInc_20150914_8-K_EX-10.1_9259571_EX-10.1_Promotion Agreement," if ten (10) music venues sign a contract with vnue before january 16, 2016, promoter will receive an additional bonus of three hundred thousand (300,000) shares of vnue common stock.","before january 16, 2016",Happens,SHappensBefore,,before DATE
ON4COMMUNICATIONSINC_07_02_2009-EX-10.1-PROMOTION AGREEMENT,"charity tunes shall use its best efforts to update its music catalogue with available mp3 files by june 30, 2009.","by june 30, 2009",Happens,SHappensBefore,,by DATE
"OPTIMIZEDTRANSPORTATIONMANAGEMENT,INC_07_26_2000-EX-6.6-DISTRIBUTOR AGREEMENT","this initial order shall be evidenced by valid purchase order from comware to be received by its no later than 5:00pm april 1, 2000, with payment to be received by its no later than april 15, 2000.","no later than april 15, 2000",Happens,SHappensBefore,,no later than DATE
CardlyticsInc_20180112_S-1_EX-10.16_11002987_EX-10.16_Maintenance Agreement2,"no later than <<enter customization documents delivery date>>, supplier shall deliver to bank of america the documents described below for this customization.",no later than <<enter customization documents delivery date>>,Happens,SHappensBefore,,no later than DATE
"OPTIMIZEDTRANSPORTATIONMANAGEMENT,INC_07_26_2000-EX-6.6-DISTRIBUTOR AGREEMENT","this initial order shall be evidenced by valid purchase order from comware to be received by its no later than 5:00pm april 1, 2000, with payment to be received by its no later than april 15, 2000.","no later than 5:00pm april 1, 2000",Happens,SHappensBefore,,no later than DATE
RISEEDUCATIONCAYMANLTD_04_17_2020-EX-4.23-SERVICE AGREEMENT,the above-referenced service fee shall be paid by service recipient to the account designated by service provider not later than [date] in accordance with a written payment instruction of service provider.,not later than [date],Happens,SHappensBefore,,no later than DATE
LUCIDINC_04_15_2011-EX-10.9-DISTRIBUTOR AGREEMENT,the first sales plan will be presented to lucid within three (3) months of the signing of this agreement and annual sales plans will be due on november 30 each year.,on november 30 each year,Happens,SHappensBefore,,on DATE
ON4COMMUNICATIONSINC_07_02_2009-EX-10.1-PROMOTION AGREEMENT,"the fee shall be payable to charity tunes in two equal installments of $58,802.80 (plus applicable taxes) due to charity tunes on october 1, 2009 and november 1, 2009, respectively payable upon receipt of invoice.","on october 1, 2009 and november 1, 2009",Happens,SHappensBefore,,on DATE
RgcResourcesInc_20151216_8-K_EX-10.3_9372751_EX-10.3_Franchise Agreement," the franchise fee shall be paid to grantor on or before march 31, 2017.","on or before march 31, 2017.",Happens,SHappensBefore,,on or before DATE
GAINSCOINC_01_21_2010-EX-10.41-SPONSORSHIP AGREEMENT,"the sponsor shall pay to racing a sponsorship fee in the amount of $750,000.00 for the term of this agreement, payable in an initial installment payable on or before february 1, 2010 in the amount of $350,000.00 and ten installments of $40,000.00 on or before the first day of each month commencing march 1, 2010 and ending with the installment due on december 1, 2010 (unless this agreement is sooner terminated pursuant to section 14 hereof, in which case sponsor shall have no obligation to make any payments after the date of termination).","on or before february 1, 2010",Happens,SHappensBefore,,on or before DATE
GluMobileInc_20070319_S-1A_EX-10.09_436630_EX-10.09_Content License Agreement2,"notwithstanding the foregoing, in no event will fox develop, publish and/or distribute games derived from the property ""ice age 2"" prior to january 1, 2007.","prior to january 1, 2007",Happens,SHappensBefore,,prior to DATE
Independent Contractor,"The Contractor agrees that they will not disclose, divulge, reveal, report or use, for any purpose, any Confidential Information which the Contractor has obtained, except as authorized by the Client or as required by law",except as authorized by client,Happens,suspend obligation,,except EVENT
TcPipelinesLp_20160226_10-K_EX-99.12_9454048_EX-99.12_Transportation Agreement,"unless shipper and transporter have agreed to a rate other than the maximum rate, rates shall be transporter's maximum rates and charges plus all applicable surcharges",unless shipper and transporter have agreed to a rate other than the maximum rate,Happens,suspend obligation,,unless EVENT
MANAKOASERVICESCORP_11_21_2007-EX-7.5-STRATEGIC ALLIANCE AGREEMENT,utek shall not divulge any confidential information pertaining to the business and affairs of mkos unless authorized by mkos.,"unless authorized, in writing by mkos",Happens,suspend obligation,,unless EVENT
ArcaUsTreasuryFund_20200207_N-2_EX-99.K5_11971930_EX-99.K5_Development Agreement,all records which party maintains for the fund will be preserved unless any such records are surrendered,unless any such records are earlier surrendered as provided above.,Happens,suspend obligation,,unless EVENT
ZtoExpressCaymanInc_20160930_F-1_EX-10.10_9752871_EX-10.10_Transportation Agreement,"unless approved by party a, party b shall pay liquidated damages to party a at the standard rate of rmb500 per trip.","unless otherwise approved by party a,",Happens,suspend obligation,,unless EVENT
EmeraldHealthBioceuticalsInc_20200218_1-A_EX1A-6 MAT CTRCT_11987205_EX1A-6 MAT CTRCT_Development Agreement,ehs and ehn agree that they shall not use dr. murray's name or likeness on its products unless specifically approved by dr. murray ,unless specifically approved by dr. murray by written acknowledgement including emails and facsimile transmissions of his approval,Happens,suspend obligation,,unless EVENT
HertzGroupRealtyTrustInc_20190920_S-11A_EX-10.8_11816941_EX-10.8_Trademark License Agreement,"unless specified in this agreement, all notices shall be in writing and delivered personally to the addresses set forth at the beginning of this agreement.",unless otherwise specified in this agreement,Happens,suspend obligation,,unless EVENT
Cerus Corporation - FIRST AMEND TO SUPPLY AND MANUFACTURING AGREEMENT,"unless provided in the applicable statement of work, payment to porex of undisputed fees shall be due",unless otherwise expressly provided in the applicable statement of work,Happens,suspend obligation,,unless EVENT
Cerus Corporation - FIRST AMEND TO SUPPLY AND MANUFACTURING AGREEMENT,"unless otherwise agreed in writing, porex shall continue to manufacture and produce platelet wafers using the existing specifications for platelet wafers until cerus gives written notice to porex that platelet wafers shall be thereafter manufactured in accordance with the revised wafer specifications.",unless otherwise agreed in writing,Happens,suspend obligation,,unless EVENT
LUCIDINC_04_15_2011-EX-10.9-DISTRIBUTOR AGREEMENT,"the distributor shall not be entitled to engage sub-distributors for sales of the product, without having obtained lucid's prior written approval.",without having obtained lucid's prior written approval.,Happens,suspend obligation,,without EVENT
"COOLTECHNOLOGIES,INC_10_25_2017-EX-10.71-Strategic Alliance Agreement",materials used in any engagement undertaken pursuant to this agreement shall not be altered or changed without the consent of both parties.,without the consent of both parties.,Happens,suspend obligation,,without EVENT
ULTRAGENYXPHARMACEUTICALINC_12_23_2013-EX-10.9-SUPPLY AGREEMENT,ultragenyx shall control the respective legal proceedings but shall not settle any claim that admits fault on behalf of cremer without cremer's consent (not be unreasonably withheld).,without cremer's consent,Happens,suspend obligation,,without EVENT
Rental,The Parties agree that the Renter will not keep any pets on the premises without obtaining written prior consent from the Landlord,without obtaining written prior consent from the Landlord,Happens,suspend obligation,,without EVENT
WOMENSGOLFUNLIMITEDINC_03_29_2000-EX-10.13-ENDORSEMENT AGREEMENT - Intellectual Property Rights                 Confidentiality and Non-Use Obligations Agreement,"(e) recipient agrees that she will not copy the information in whole or in part or use all or any part of the information to reverse engineer, duplicate the function, sequence or organization of the information for any purpose without the prior written permission of the company.",without the prior written permission of the company,Happens,suspend obligation,,without EVENT
PACIFICSYSTEMSCONTROLTECHNOLOGYINC_08_24_2000-EX-10.53-SPONSORSHIP AGREEMENT,6) display materials from the sponsor must be delivered to the tian he stadium at least two days prior to the event.,at least two days prior to the event,Happens,WHappensBefore,,at least TIMESPAN prior to EVENT
SPORTHALEYINC_09_29_1997-EX-10.2-10-ENDORSEMENT AGREEMENT,"c. upon reasonable written request of the company which shall be tendered at least 30 days prior the date requested, the professional shall make himself available for the purpose of posing for print ads, making commercials and other promotional materials, or attending promotional events organized by the company once per calendar year.",at least 30 days prior the date requested,Happens,WHappensBefore,,at least TIMESPAN prior to EVENT
HOLIDAYRVSUPERSTORESINC_04_15_2002-EX-10.13-ENDORSEMENT AGREEMENT,"at least three business days prior to the dissemination of any such public announcement or filing containing the above-required description, the company shall submit to agi for its review and comment the proposed public announcement or description.",at least three business days prior to the dissemination of any such public announcement or filing containing the above-required description,Happens,WHappensBefore,,at least TIMESPAN prior to EVENT
NYLIACVARIABLEANNUITYSEPARATEACCOUNTIII_04_10_2020-EX-99.8.KK-SERVICE AGREEMENT,"should any participation agreement(s) between company and any fund(s) be terminated effective before the last day of a quarter, company shall be entitled to a fee for that portion of the quarter during which the participation agreement was still in effect, unless such termination is due to misconduct on the part of the company.",before the last day of a quarter,Happens,SHappensBefore,,before DATE
ULTRAGENYXPHARMACEUTICALINC_12_23_2013-EX-10.9-SUPPLY AGREEMENT,"2) if the parties cannot agree on a price for the product by the beginning of a following contract year, cremer may refuse to deliver the product to ultragenyx until the parties agreed on a respective price.",by the beginning of a following contract year,Happens,WHappensBeforeEvent,,by EVENT
"OPTIMIZEDTRANSPORTATIONMANAGEMENT,INC_07_26_2000-EX-6.6-DISTRIBUTOR AGREEMENT",its will provide free technical support to customers who have purchased its systems for a period of 30 days.,for a period of 30 days,Happens,HappensWithin,,for a period of TIMESPAN (*implied)
WESTERN COPPER - NON-COMPETITION AGREEMENT,"for a period of 30 days from the time of delivery of the disposition notice glamis will, if requested by western silver, entertain an offer from western copper to acquire the designated mineral property.",for a period of 30 days from the time of delivery of the disposition notice,Happens,HappensWithin,,for a period of TIMESPAN from EVENT
"OPTIMIZEDTRANSPORTATIONMANAGEMENT,INC_07_26_2000-EX-6.6-DISTRIBUTOR AGREEMENT",2 7. obligations of its: o its will deliver working systems no later than 30 days after a hard copy purchase order is received from comware.,no later than 30 days after a hard copy purchase order is received from comware,Happens,WHappensBefore,,no later than TIMESPAN after EVENT
"OPTIMIZEDTRANSPORTATIONMANAGEMENT,INC_07_26_2000-EX-6.6-DISTRIBUTOR AGREEMENT","(b) future purchase orders and delivery will approximate the 15 day delivery schedule (but not the dates), although payment will be made by comware to its no later than thirty (30) days after receipt of invoice from its.",no later than thirty (30) days after receipt of invoice from its,Happens,WHappensBefore,,no later than TIMESPAN after EVENT
"CURAEGISTECHNOLOGIES,INC_05_26_2010-EX-1-CORPORATE SPONSORSHIP AGREEMENT","notwithstanding the above, torvec may, in its sole discretion, cancel its participation in any of the above-referenced events by notifying vendor of such cancellation not later than two weeks prior to the due date(s) for payment hereunder.",not later than two weeks prior to the due date(s) for payment hereunder,Happens,WHappensBefore,,no later than TIMESPAN prior to EVENT
LohaCompanyltd_20191209_F-1_EX-10.16_11917878_EX-10.16_Supply Agreement,"in case the goods are to be dispatched by parcel post/sea-freight, the sellers shall, 3 days before the time of delivery, inform the buyers by cable/letter of the estimated date of delivery, contract no., commodity, invoiced value, etc.",3 days before the time of delivery,Happens,WHappensBefore,,TIMESPAN before EVENT
Cerus Corporation - FIRST AMEND TO SUPPLY AND MANUFACTURING AGREEMENT,unless otherwise expressly provided in the applicable statement of work payment to porex of undisputed fees shall be due [*] days following cerus' receipt of the invoice submitted by porex.,[*] days following cerus' receipt of the invoice submitted by porex,Happens,WHappensBefore,,TIMESPAN following EVENT
"KUBIENT,INC_07_02_2020-EX-10.14-MASTER SERVICES AGREEMENT_Part2","subject to the doctrine of sequential liability, payment shall be made to the appropriate party net 30 days from the end of the calendar month.",30 days from the end of the calendar month,Happens,WHappensBefore,,TIMESPAN from EVENT
Biomass,"once the payment has been received, shi farms will use its best efforts to quarantine product to ensure safe keeping of the product until delivery date as agreed by the parties.",Until delivery date as agreed by the parties,Happens,SHappensBefore,,until DATE
ZtoExpressCaymanInc_20160930_F-1_EX-10.10_9752871_EX-10.10_Transportation Agreement,"(f) in the event of delay by vehicle malfunction or traffic accidents, party b shall settle such malfunction or accidents within half an hour.",within half an hour,Happens,WHappensBefore,,within TIMESPAN (*implied)
LohaCompanyltd_20191209_F-1_EX-10.16_11917878_EX-10.16_Supply Agreement,"the sellers shall advise the buyers immediately of the occurrence mentioned above and within fourteen days thereafter, the sellers shall send by airmail to the buyers a certificate of the accident issued by the competent government authorities, chamber of commerce or registered notary public of the place where the accident occurs as evidence thereof.","within fourteen days thereafter,",Happens,WHappensBefore,,within TIMESPAN (*implied)
ZtoExpressCaymanInc_20160930_F-1_EX-10.10_9752871_EX-10.10_Transportation Agreement,"in the event of vehicle operation failure, party b shall notify party a within two hours and shall manage to deliver party a's parcel to the destination designated by the contract.",within two hours,Happens,WHappensBefore,,within TIMESPAN (*implied)
PrudentialBancorpInc_20170606_8-K_EX-10.4_10474434_EX-10.4_Endorsement Agreement,"if a claim request is wholly or partially denied, the plan administrator will furnish to the claimant a notice of the decision within 90 days in writing and in a manner calculated to the understood by the claimant, which notice will contain the following information: (a) the specific reason or reasons for the denial; (b) specific reference to the pertinent plan provisions upon which the denial is based; (c) a description of any additional material or information necessary for the claimant to perfect the claim and an explanation of why such material or information is necessary; and (d) an explanation of the plan's claims review procedure describing the steps to be taken by a claimant who wishes to submit his claim for review.",within 90 days in writing and in a manner calculated to the understood by the claimant,Happens,WHappensBefore,,within TIMESPAN (*implied)
BOLIVARMININGCORP_05_23_2003-EX-2.1-VISP WEB SITE BUILDING AND HOSTING AGREEMENT,if the isp does not have 250 users within the first 90 days we will charge $25.00 each month thereafter.,within the first 90 days,Happens,WHappensBefore,,within TIMESPAN (*implied)
LohaCompanyltd_20191209_F-1_EX-10.16_11917878_EX-10.16_Supply Agreement,"14. shipping advice: the seller shall within 72 hours after the shipment of the goods, advise the shipping department of buyer by fax or e-mail of contract no., goods name, quantity, value, number of packages, gross weight, measurements and the estimated arrival time of the goods at the destination.",within 72 hours after the shipment of the goods,Happens,WHappensBefore,,within TIMESPAN after EVENT
DRAGONSYSTEMSINC_01_08_1999-EX-10.17-OUTSOURCING AGREEMENT,"payments will be due in us dollars within 30 days after delivery, or when agreed after delivery of installments or the receipt of invoice by dragon systems, which ever is later.",within 30 days after delivery,Happens,WHappensBefore,,within TIMESPAN after EVENT
LohaCompanyltd_20191209_F-1_EX-10.16_11917878_EX-10.16_Supply Agreement,"payment: under letter of credit or t/t: under the letter of credit: the buyer shall open an irrevocable letter of credit with the bank within 30 days after signing the contract, in favor of the seller, for 100% value of the total contract value.","within 30 days after signing the contract,",Happens,WHappensBefore,,within TIMESPAN after EVENT
"ADUROBIOTECH,INC_06_02_2020-EX-10.7-CONSULTING AGREEMENT","aduro shall pay consultant any amounts due that are not reasonably disputed by aduro, by check or direct bank deposit, within thirty days after receiving the invoice.",within thirty days after receiving the invoice.,Happens,WHappensBefore,,within TIMESPAN after EVENT
PrudentialBancorpInc_20170606_8-K_EX-10.4_10474434_EX-10.4_Endorsement Agreement,the named fiduciary (or its designee) will render a decision upon review of a denied claim within 60 days after receipt of a request for review.,within 60 days after receipt of a request for review,Happens,WHappensBefore,,within TIMESPAN after EVENT
DataCallTechnologies_20060918_SB-2A_EX-10.9_944510_EX-10.9_Content License Agreement,2 obligations of licensor 2.1 licensor shall make a first delivery of content to plan_b within 14 days after the signing of this agreement unless separately agreed between the parties.,within 14 days after the signing of this agreement,Happens,WHappensBefore,,within TIMESPAN after EVENT
ULTRAGENYXPHARMACEUTICALINC_12_23_2013-EX-10.9-SUPPLY AGREEMENT,3) payments shall be made by ultragenyx in euro and within [***] days after receipt of a proper invoice.,within [***] days after receipt of a proper invoice,Happens,WHappensBefore,,within TIMESPAN after EVENT
JINGWEIINTERNATIONALLTD_10_04_2007-EX-10.7-INTELLECTUAL PROPERTY AGREEMENT,"in case no settlement can be reached through consultation within 30 days after one party ask for consultation, each party can submit such matter to china international economic and trade arbitration commission (the ""cietac"") in accordance with its rules, and the arbitration proceedings shall be conducted in chinese and shall take place in beijing.",within 30 days after one party ask for consultation,Happens,WHappensBefore,,within TIMESPAN after EVENT
LohaCompanyltd_20191209_F-1_EX-10.16_11917878_EX-10.16_Supply Agreement,"if the sellers fail to answer the buyers within one weeks after receipt of the aforesaid claim, the claim shall be reckoned as having been accepted by the sellers.",within one weeks after receipt of the aforesaid claim,Happens,WHappensBefore,,within TIMESPAN after EVENT
"XACCT Technologies, Inc.SUPPORT AND MAINTENANCE AGREEMENT",xacct may also terminate support services if licensee breaches any provision of this agreement or the license agreement and such breach is not remedied within thirty (30) days after licensee receives written notice of the breach.,within thirty (30) days after licensee receives written notice of the breach,Happens,WHappensBefore,,within TIMESPAN after EVENT
SECURIANFUNDSTRUST_05_01_2012-EX-99.28.H.9-NET INVESTMENT INCOME MAINTENANCE AGREEMENT,"if the fund is required to pay the investment adviser the expense waiver, the fund shall make such payment within 30 days after each month-end.",within 30 days after each month-end,Happens,WHappensBefore,,within TIMESPAN after EVENT
"ADMA BioManufacturing, LLC -  Amendment #3 to Manufacturing Agreement",the parties shall use best efforts to complete such amendment to the quality agreement within 60 days after the amendment effective date.,within 60 days after the amendment effective date,Happens,WHappensBefore,,within TIMESPAN after EVENT
LifewayFoodsInc_20160316_10-K_EX-10.24_9489766_EX-10.24_Endorsement Agreement,all undisputed royalty payments shall be made in u.s. dollars in cash or to the order of individual and shall be due and payable within thirty (30) days after the end of each calendar month for sales during the previous month.,within thirty (30) days after the end of each calendar month,Happens,WHappensBefore,,within TIMESPAN after EVENT
ULTRAGENYXPHARMACEUTICALINC_12_23_2013-EX-10.9-SUPPLY AGREEMENT,"within [***] days following receipt of the rejected and returned product from ultragenyx, cremer will, at ultragenyx's choice, replace such quantity of product with product conforming to the product specifications, and gmp or refund ultragenyx the price paid for such product.","within [***] days following receipt of the rejected and returned product from ultragenyx,",Happens,WHappensBefore,,within TIMESPAN following EVENT
SYKESHEALTHPLANSERVICESINC_04_24_1998-EX-10.14-OUTSOURCING AGREEMENT,hps shall pay such amount to shps within fifteen days following the end of the applicable month.,within fifteen days following the end of the applicable month.,Happens,WHappensBefore,freq,within TIMESPAN following EVENT
SYKESHEALTHPLANSERVICESINC_04_24_1998-EX-10.14-OUTSOURCING AGREEMENT,hps shall pay such amount to shps within fifteen days following the end of each month.,within fifteen days following the end of each month,Happens,WHappensBefore,freq,within TIMESPAN following EVENT
CHIPMOSTECHNOLOGIESBERMUDALTD_04_18_2016-EX-4.72-Strategic Alliance Agreement,"if the parties fail to resolve such dispute amicably through negotiation within sixty (60) days from the date on which a party issues its dispute notice to the other party, each party shall have the right to submit such dispute to the hong kong international arbitration center, and proceed with the arbitration procedures in accordance with the rules of the international chamber of commerce with three (3) arbitrators.",within sixty (60) days from the date on which a party issues its dispute notice to the other party,Happens,WHappensBefore,,within TIMESPAN from EVENT
HUBEIMINKANGPHARMACEUTICALLTD_09_19_2006-EX-10.1-OUTSOURCING AGREEMENT,dolphin agrees to complete its photo-editing services within 14 days of receiving the original digital photo files.,within 14 days of receiving the original digital photo files,Happens,WHappensBefore,,within TIMESPAN of EVENT
"XACCT Technologies, Inc.SUPPORT AND MAINTENANCE AGREEMENT","fees shall be payable within thirty (30) days of invoice which shall be exclusive of any applicable local, state, federal, use, excise, value added, gst or other taxes imposed on the fees payable for the product maintenance and support services which shall be the responsibility of licensee.",within thirty (30) days of invoice,Happens,WHappensBefore,,within TIMESPAN of EVENT
LUCIDINC_04_15_2011-EX-10.9-DISTRIBUTOR AGREEMENT,the first sales plan will be presented to lucid within three (3) months of the signing of this agreement and annual sales plans will be due on november 30 each year.,within three (3) months of the signing of this agreement,Happens,WHappensBefore,,within TIMESPAN of EVENT
MANAKOASERVICESCORP_11_21_2007-EX-7.5-STRATEGIC ALLIANCE AGREEMENT,"b. in consideration for the services to be provided herein, mkos agrees that it will remit the agreed upon stock certificate or cash payment within five (5) days of both parties executing this agreement.",within five (5) days of both parties executing this agreement,Happens,WHappensBefore,,within TIMESPAN of EVENT
VnueInc_20150914_8-K_EX-10.1_9259571_EX-10.1_Promotion Agreement,"promoter shall deliver to vnue an itemized accounting of expenses incurred on a weekly basis, and vnue shall reimburse promoter within thirty (30) days of receipt of such accounting.",within thirty (30) days of receipt of such accounting,Happens,WHappensBefore,,within TIMESPAN of EVENT
Property mgmt,The Owner shall reimburse the Manager for any expenses incurred or approved prior to the date of termination within 10 days from the date of termination.,within 10 days from the date of termination,Happens,WHappensBefore,,within TIMESPAN of EVENT
ULTRAGENYXPHARMACEUTICALINC_12_23_2013-EX-10.9-SUPPLY AGREEMENT,"3) within [***] days of execution of this agreement, cremer shall deliver to ultragenyx the master batch record for the product for ultragenyx to review.",within [***] days of execution of this agreement,Happens,WHappensBefore,,within TIMESPAN of EVENT
Cerus Corporation - FIRST AMEND TO SUPPLY AND MANUFACTURING AGREEMENT,"within [*] days of any notice of rejection, porex shall present a corrective plan of action to cerus.",within [*] days of any notice of rejection,Happens,WHappensBefore,,within TIMESPAN of EVENT
PROLONGINTERNATIONALCORP_03_23_1998-EX-10.16-SPONSORSHIP AGREEMENT,"sabco shall, within 90 days of the execution of this agreement, supply prolong with a copy of such policy of insurance or a certificate thereof, and such policies shall be cancelable only upon 10 days written notice to prolong.",within 90 days of the execution of this agreement,Happens,WHappensBefore,,within TIMESPAN of EVENT
Independent Contractor,Invoices submitted by the Contractor to the Client are due within 10 days of receipt,within 10 days of receipt,Happens,WHappensBefore,,within TIMESPAN of EVENT
ULTRAGENYXPHARMACEUTICALINC_12_23_2013-EX-10.9-SUPPLY AGREEMENT,"2) if a party materially breaches an obligation under this agreement and does not cure such breach within sixty (60) days of receiving notice of such breach from the non-breaching party, the non-breaching party may terminate this agreement immediately upon written notice to the breaching party.",within sixty (60) days of receiving notice of such breach from the non-breaching party,Happens,WHappensBefore,,within TIMESPAN of EVENT
BOLIVARMININGCORP_05_23_2003-EX-2.1-VISP WEB SITE BUILDING AND HOSTING AGREEMENT,"in the event the company fails to have its attorney issue the required opinion letter within 20 days of a written request from yournetplus.com or its nominee, the company shall be liable for liquidated damages in the amount of 10% interest per 30 days on the value of the shares based on the closing bid price of the company's common stock on the 20th business day following the date it receives written notice from yournetplus.com or their nominee.",within 20 days of a written request from yournetplus.com or its nominee,Happens,WHappensBefore,,within TIMESPAN of EVENT
SPHERE3DCORP_06_24_2020-EX-10.12-CONSULTING AGREEMENT,the company must notify the consultant within 5 days of the conclusion of the 12 month term.,within 5 days of the conclusion of the 12 month term,Happens,WHappensBefore,,within TIMESPAN of EVENT
MARTINMIDSTREAMPARTNERSLP_01_23_2004-EX-10.3-TRANSPORTATION SERVICES AGREEMENT,owner will invoice such fees to charterer on a monthly basis and charterer will pay such invoiced amounts within 30 days of invoice date.,within 30 days of invoice date,Happens,WHappensBefore,,within TIMESPAN of EVENT
MARTINMIDSTREAMPARTNERSLP_01_23_2004-EX-10.3-TRANSPORTATION SERVICES AGREEMENT,"all monthly owner invoices to charterer for rates and cost items will be paid by charterer within 30 days of invoice date in accordance with owner's normal payment protocols, which will be specified in the applicable invoice.",within 30 days of invoice date,Happens,WHappensBefore,,within TIMESPAN of EVENT
DataCallTechnologies_20060918_SB-2A_EX-10.9_944510_EX-10.9_Content License Agreement,such report shall be provided to licensor in electronic format within 6 weeks of the end of a quarter.,within 6 weeks of the end of a quarter,Happens,WHappensBefore,,within TIMESPAN of EVENT
MARTINMIDSTREAMPARTNERSLP_01_23_2004-EX-10.3-TRANSPORTATION SERVICES AGREEMENT,"owner shall, before and at commencement of each voyage by any vessel under this agreement, exercise commercially reasonable efforts to ensure that such vessel is seaworthy and in good operating condition, properly manned, equipped and supplied for the voyage, to ensure that the pipes, pumps and coils tight, staunch, are in good operating condition and fit for the voyage, and to ensure that the tanks and other spaces in which product is to be carried are in good operating condition and fit for the carriage and preservation of the same.",before and at commencement of each voyage by any vessel under this agreement,Happens,WHappensBeforeEvent,,before EVENT
"SPIENERGYCO,LTD_07_10_2014-EX-10-Cooperation Agreement of 50MWp Photovoltaic Grid-connected Power Generation Project in Yangqiao of~1",party b will register a foreign-funded company in fenyi county before implementing the project,before implementing the project,Happens,WHappensBeforeEvent,,before EVENT
PrudentialBancorpInc_20170606_8-K_EX-10.4_10474434_EX-10.4_Endorsement Agreement,written notice of any such extension will be furnished to the claimant prior to the commencement of the extension.,prior to the commencement of the extension,Happens,WHappensBeforeEvent,,prior to EVENT
ScansourceInc_20190822_10-K_EX-10.39_11793959_EX-10.39_Distributor Agreement,distributor shall obtain an rma number prior to returning any product to cisco.,prior to returning any product to cisco,Happens,WHappensBeforeEvent,,prior to EVENT
"XACCT Technologies, Inc.SUPPORT AND MAINTENANCE AGREEMENT",names of designated support contact(s) must be provided to xacct prior to initial contact with the xacct support center.,prior to initial contact with the xacct support center,Happens,WHappensBeforeEvent,,prior to EVENT
ScansourceInc_20190509_10-Q_EX-10.2_11661422_EX-10.2_Distributor Agreement,"should such purchase orders be subject to alternative rights, xplore shall inform distributor of alternative rights prior to order acceptance.",prior to order acceptance,Happens,WHappensBeforeEvent,,prior to EVENT
MorganStanleyDirectLendingFund_20191119_10-12GA_EX-10.5_11898508_EX-10.5_Trademark License Agreement,"prior to using the brand in any manner, licensee shall submit all proposed uses to licensor for prior written approval.",prior to using the brand in any manner,Happens,WHappensBeforeEvent,*possible conditional,prior to EVENT
PRIMEENERGYRESOURCESCORP_04_02_2007-EX-10.28-COMPLETION AND LIQUIDITY MAINTENANCE AGREEMENT,"to the extent that shareholder repayment has occurred, prime agrees to fund additional shareholder loans equal to the amount repayed by the shareholder, as needed to ensure project clomp let ion this agreement shall remain in force until each component ofproject completion is satisfied.",until each component ofproject completion is satisfied.,Happens,WHappensBeforeEvent,,until EVENT
Cerus Corporation - FIRST AMEND TO SUPPLY AND MANUFACTURING AGREEMENT,"unless otherwise agreed in writing, porex shall continue to manufacture and produce platelet wafers using the existing specifications for platelet wafers until cerus gives written notice to porex that platelet wafers shall be thereafter manufactured in accordance with the revised wafer specifications.",until cerus gives written notice to porex that platelet wafers shall be thereafter manufactured in accordance with the revised wafer specifications,Happens,WHappensBeforeEvent,,until EVENT
LohaCompanyltd_20191209_F-1_EX-10.16_11917878_EX-10.16_Supply Agreement,the seller shall contract on usual terms at his own expenses for the carriage of the goods to the agreed point at the named place of destination and bear all risks and expenses until the goods have been delivered to the port of destination.,until the goods have been delivered to the port of destination,Happens,WHappensBeforeEvent,,until EVENT
MANAKOASERVICESCORP_11_21_2007-EX-7.5-STRATEGIC ALLIANCE AGREEMENT,"d. until termination of the engagement, mkos will notify utek promptly of the occurrence of any event, which might materially affect the condition (financial or otherwise), or prospects of mkos.",until termination of the engagement,Happens,WHappensBeforeEvent,,until EVENT